{"file0": "data/midis/haydn_43_1.mid", "file1": "data/midis/muss_2.mid", "file2": "data/midis/ty_august_format0.mid", "file3": "data/midis/chpn-p15_format0.mid", "file4": "data/midis/waldstein_1.mid", "file5": "data/midis/chpn_op25_e12_format0.mid", "file6": "data/midis/schumm-1.mid", "file7": "data/midis/fruehlingsrauschen_format0.mid", "file8": "data/midis/beethoven_opus90_2.mid", "file9": "data/midis/gra_esp_3_format0.mid", "file10": "data/midis/mendel_op19_1.mid", "file11": "data/midis/chpn_op35_1_format0.mid", "file12": "data/midis/alb_esp6_format0.mid", "file13": "data/midis/grieg_kobold.mid", "file14": "data/midis/muss_3.mid", "file15": "data/midis/haydn_43_2.mid", "file16": "data/midis/bor_ps1_format0 (1).mid", "file17": "data/midis/muss_1.mid", "file18": "data/midis/rac_op23_2_format0.mid", "file19": "data/midis/waldstein_2.mid", "file20": "data/midis/burg_trennung_format0.mid", "file21": "data/midis/schumm-2.mid", "file22": "data/midis/debussy_cc_2_format0.mid", "file23": "data/midis/mendel_op19_3.mid", "file24": "data/midis/schub_d960_4.mid", "file25": "data/midis/chpn-p5_format0.mid", "file26": "data/midis/schum_abegg.mid", "file27": "data/midis/ty_maerz_format0.mid", "file28": "data/midis/beethoven_opus90_1.mid", "file29": "data/midis/bor_ps2_format0.mid", "file30": "data/midis/mendel_op19_2.mid", "file31": "data/midis/schumm-3.mid", "file32": "data/midis/waldstein_3.mid", "file33": "data/midis/haydn_8_4.mid", "file34": "data/midis/rac_op32_13_format0.mid", "file35": "data/midis/haydn_43_3.mid", "file36": "data/midis/muss_4.mid", "file37": "data/midis/scn68_10.mid", "file38": "data/midis/scn15_10.mid", "file39": "data/midis/br_im6_format0.mid", "file40": "data/midis/deb_menu_format0.mid", "file41": "data/midis/mendel_op19_6.mid", "file42": "data/midis/chpn-p19_format0.mid", "file43": "data/midis/schub_d960_1.mid", "file44": "data/midis/rac_op23_7_format0.mid", "file46": "data/midis/chpn_op10_e12_format0.mid", "file47": "data/midis/scn16_8.mid", "file48": "data/midis/bor_ps7_format0.mid", "file49": "data/midis/schumm-6.mid", "file50": "data/midis/haydn_8_1.mid", "file51": "data/midis/scn15_11.mid", "file52": "data/midis/muss_5.mid", "file53": "data/midis/muss_7.mid", "file54": "data/midis/deb_prel_format0.mid", "file55": "data/midis/scn15_13.mid", "file56": "data/midis/ty_april_format0.mid", "file57": "data/midis/haydn_8_3.mid", "file58": "data/midis/chpn-p9_format0.mid", "file59": "data/midis/chpn_op25_e2_format0.mid", "file60": "data/midis/mendel_op19_5.mid", "file61": "data/midis/schumm-4.mid", "file62": "data/midis/schub_d960_2.mid", "file63": "data/midis/alb_se5_format0.mid", "file64": "data/midis/br_rhap_format0.mid", "file65": "data/midis/chpn-p10_format0.mid", "file66": "data/midis/ty_juni_format0.mid", "file67": "data/midis/grieg_halling.mid", "file68": "data/midis/bach_850_format0.mid", "file69": "data/midis/alb_esp3_format0.mid", "file70": "data/midis/schub_d960_3.mid", "file71": "data/midis/chpn_op35_4_format0.mid", "file72": "data/midis/schumm-5.mid", "file73": "data/midis/mendel_op19_4.mid", "file74": "data/midis/haydn_8_2.mid", "file75": "data/midis/chpn-p22_format0.mid", "file76": "data/midis/scn15_12.mid", "file77": "data/midis/chp_op18_format0.mid", "file78": "data/midis/scn68_12.mid", "file79": "data/midis/muss_6.mid", "file80": "data/midis/chpn-p21_format0.mid", "file81": "data/midis/mz_570_1.mid", "file82": "data/midis/grieg_waechter.mid", "file83": "data/midis/god_chpn_op10_e01_format0.mid", "file84": "data/midis/rac_op33_8_format0.mid", "file85": "data/midis/liz_rhap02_format0.mid", "file86": "data/midis/alb_se6_format0.mid", "file87": "data/midis/chpn-p13_format0.mid", "file88": "data/midis/ty_september_format0.mid", "file90": "data/midis/burg_erwachen_format0.mid", "file91": "data/midis/chpn_op25_e1_format0.mid", "file92": "data/midis/burg_spinnerlied_format0.mid", "file93": "data/midis/islamei_format0.mid", "file94": "data/midis/mz_570_2.mid", "file95": "data/midis/deb_pass_format0.mid", "file96": "data/midis/ty_dezember_format0.mid", "file97": "data/midis/debussy_cc_4_format0.mid", "file98": "data/midis/burg_sylphen_format0.mid", "file99": "data/midis/brahms_opus1_3_format0.mid", "file100": "data/midis/mz_570_3.mid", "file101": "data/midis/bach_846_format0.mid", "file102": "data/midis/br_im5_format0.mid", "file103": "data/midis/chpn-p3_format0.mid", "file104": "data/midis/schuim-4.mid", "file105": "data/midis/mendel_op62_3.mid", "file106": "data/midis/bor_ps1_format0.mid", "file107": "data/midis/scn15_8.mid", "file108": "data/midis/grieg_walzer.mid", "file109": "data/midis/beethoven_opus10_2.mid", "file110": "data/midis/liz_rhap12_format0.mid", "file111": "data/midis/haydn_9_3.mid", "file112": "data/midis/grieg_butterfly.mid", "file113": "data/midis/ty_februar_format0.mid", "file114": "data/midis/hay_40_1.mid", "file115": "data/midis/chpn-p6_format0.mid", "file116": "data/midis/haydn_9_2.mid", "file117": "data/midis/chpn_op66_format0.mid", "file118": "data/midis/beethoven_opus10_3.mid", "file119": "data/midis/elise.mid", "file120": "data/midis/scn15_9.mid", "file121": "data/midis/schuim-1.mid", "file122": "data/midis/debussy_cc_1_format0.mid", "file123": "data/midis/ty_januar_format0.mid", "file124": "data/midis/mendel_op62_4.mid", "file125": "data/midis/chpn_op10_e01_format0.mid", "file126": "data/midis/alb_esp5_format0.mid", "file127": "data/midis/schuim-3.mid", "file128": "data/midis/chpn_op35_2_format0.mid", "file129": "data/midis/liz_liebestraum_format0.mid", "file130": "data/midis/beethoven_opus10_1.mid", "file131": "data/midis/grieg_wanderer.mid", "file132": "data/midis/chpn-p24_format0.mid", "file133": "data/midis/chpn_op25_e4_format0.mid", "file134": "data/midis/hay_40_2.mid", "file135": "data/midis/haydn_9_1.mid", "file136": "data/midis/chpn-p16_format0.mid", "file137": "data/midis/schuim-2.mid", "file138": "data/midis/chpn_op25_e11_format0.mid", "file139": "data/midis/mendel_op62_5.mid", "file140": "data/midis/alb_se3_format0.mid", "file141": "data/midis/appass_2.mid", "file142": "data/midis/alb_esp2_format0.mid", "file143": "data/midis/scn15_7.mid", "file144": "data/midis/grieg_album.mid", "file145": "data/midis/mendel_op53_5.mid", "file146": "data/midis/mz_545_1.mid", "file147": "data/midis/haydn_7_3.mid", "file148": "data/midis/mz_332_3.mid", "file149": "data/midis/chpn-p23_format0.mid", "file150": "data/midis/mz_330_1.mid", "file151": "data/midis/chpn_op25_e3_format0.mid", "file152": "data/midis/chpn-p8_format0.mid", "file153": "data/midis/mz_332_2.mid", "file154": "data/midis/haydn_7_2.mid", "file155": "data/midis/grieg_voeglein.mid", "file156": "data/midis/chpn-p11_format0.mid", "file157": "data/midis/grieg_spring.mid", "file158": "data/midis/grieg_berceuse.mid", "file159": "data/midis/scn15_6.mid", "file160": "data/midis/appass_3.mid", "file161": "data/midis/burg_geschwindigkeit_format0.mid", "file162": "data/midis/ty_mai_format0.mid", "file163": "data/midis/appass_1.mid", "file164": "data/midis/bor_ps6_format0.mid", "file165": "data/midis/ty_oktober_format0.mid", "file166": "data/midis/liz_rhap15_format0.mid", "file167": "data/midis/scn15_4.mid", "file168": "data/midis/schubert_D850_4.mid", "file169": "data/midis/mendel_op30_5.mid", "file170": "data/midis/mz_545_2.mid", "file171": "data/midis/chpn_op23_format0.mid", "file172": "data/midis/mz_330_2.mid", "file173": "data/midis/schubert_D935_4.mid", "file174": "data/midis/chpn_op27_2_format0.mid", "file175": "data/midis/chpn_op53_format0.mid", "file176": "data/midis/liz_et3_format0.mid", "file177": "data/midis/mz_330_3.mid", "file178": "data/midis/grieg_brooklet.mid", "file179": "data/midis/haydn_7_1.mid", "file180": "data/midis/chpn-p1_format0.mid", "file181": "data/midis/mz_332_1.mid", "file182": "data/midis/burg_perlen_format0.mid", "file183": "data/midis/mz_545_3.mid", "file184": "data/midis/mendel_op30_4.mid", "file185": "data/midis/schub_d760_4.mid", "file186": "data/midis/liz_rhap09_format0.mid", "file187": "data/midis/scn15_5.mid", "file188": "data/midis/11pmtheme.mid", "file189": "data/midis/debussy_cc_6_format0.mid", "file190": "data/midis/chpn-p18_format0.mid", "file191": "data/midis/grieg_once_upon_a_time.mid", "file192": "data/midis/ty_november_format0.mid", "file193": "data/midis/scn15_1.mid", "file194": "data/midis/beethoven_les_adieux_3.mid", "file195": "data/midis/rac_op3_2_format0.mid", "file196": "data/midis/schubert_D850_1.mid", "file197": "data/midis/liz_rhap10_format0.mid", "file198": "data/midis/rac_op33_6_format0.mid", "file199": "data/midis/pathetique_1.mid", "file200": "data/midis/deb_clai_format0.mid", "file201": "data/midis/chpn_op33_2_format0.mid", "file202": "data/midis/bor_ps3_format0.mid", "file203": "data/midis/schubert_D935_1.mid", "file204": "data/midis/debussy_cc_3_format0.mid", "file205": "data/midis/rac_op23_3_format0.mid", "file206": "data/midis/alb_se8_format0.mid", "file207": "data/midis/brahms_opus1_4_format0.mid", "file208": "data/midis/mendel_op30_1.mid", "file209": "data/midis/mond_1.mid", "file210": "data/midis/schub_d760_1.mid", "file211": "data/midis/beethoven_les_adieux_2.mid", "file212": "data/midis/br_im2_format0.mid", "file213": "data/midis/chpn-p4_format0.mid", "file214": "data/midis/brahms_opus117_1_format0.mid", "file215": "data/midis/liz_et6_format0.mid", "file216": "data/midis/grieg_march.mid", "file217": "data/midis/gra_esp_2_format0.mid", "file218": "data/midis/chpn_op7_1_format0.mid", "file219": "data/midis/scn15_2.mid", "file220": "data/midis/schubert_D850_2.mid", "file221": "data/midis/schub_d760_3.mid", "file222": "data/midis/mond_3.mid", "file223": "data/midis/mendel_op30_3.mid", "file224": "data/midis/pathetique_2.mid", "file225": "data/midis/schubert_D935_2.mid", "file226": "data/midis/schubert_D935_3.mid", "file227": "data/midis/pathetique_3.mid", "file228": "data/midis/alb_se1_format0.mid", "file229": "data/midis/rac_op32_1_format0.mid", "file230": "data/midis/mendel_op30_2.mid", "file231": "data/midis/chpn-p14_format0.mid", "file232": "data/midis/mond_2.mid", "file233": "data/midis/schubert_D850_3.mid", "file234": "data/midis/schub_d760_2.mid", "file235": "data/midis/beethoven_les_adieux_1.mid", "file236": "data/midis/grieg_zwerge.mid", "file237": "data/midis/scn15_3.mid", "file238": "data/midis/god_alb_esp2_format0.mid", "file239": "data/midis/schu_143_2.mid", "file240": "data/midis/haydn_33_1.mid", "file241": "data/midis/mz_331_2.mid", "file242": "data/midis/beethoven_opus22_1.mid", "file243": "data/midis/alb_se2_format0.mid", "file244": "data/midis/scn16_6.mid", "file245": "data/midis/chpn-p17_format0.mid", "file246": "data/midis/scn16_7.mid", "file247": "data/midis/chpn_op35_3_format0.mid", "file248": "data/midis/chp_op31_format0.mid", "file249": "data/midis/alb_esp4_format0.mid", "file250": "data/midis/chpn_op7_2_format0.mid", "file251": "data/midis/mz_333_1.mid", "file252": "data/midis/mz_331_3.mid", "file253": "data/midis/schu_143_3.mid", "file254": "data/midis/muss_8.mid", "file255": "data/midis/liz_donjuan_format0.mid", "file256": "data/midis/schu_143_1.mid", "file257": "data/midis/chpn-p7_format0.mid", "file258": "data/midis/haydn_33_2.mid", "file259": "data/midis/mz_331_1.mid", "file260": "data/midis/liz_et5_format0.mid", "file261": "data/midis/grieg_wedding.mid", "file262": "data/midis/mz_333_3.mid", "file263": "data/midis/brahms_opus117_2_format0.mid", "file264": "data/midis/beethoven_opus22_2.mid", "file265": "data/midis/satin_doll.mid", "file266": "data/midis/scn16_5.mid", "file267": "data/midis/beethoven_hammerklavier_4.mid", "file268": "data/midis/rac_op33_5_format0.mid", "file269": "data/midis/burg_gewitter_format0.mid", "file270": "data/midis/scn16_4.mid", "file271": "data/midis/liz_et_trans4_format0.mid", "file272": "data/midis/mz_333_2.mid", "file273": "data/midis/beethoven_opus22_3.mid", "file274": "data/midis/haydn_33_3.mid", "file275": "data/midis/ty_juli_format0.mid", "file276": "data/midis/bach_847_format0.mid", "file277": "data/midis/bor_ps1_format0 (2).mid", "file278": "data/midis/brahms_opus1_2_format0.mid", "file279": "data/midis/debussy_cc_5_format0.mid", "file280": "data/midis/rac_op23_5_format0.mid", "file281": "data/midis/haydn_35_1.mid", "file282": "data/midis/chpn-p2_format0.mid", "file283": "data/midis/mz_311_1.mid", "file284": "data/midis/beethoven_hammerklavier_1.mid", "file285": "data/midis/scn16_1.mid", "file286": "data/midis/chpn_op27_1_format0.mid", "file287": "data/midis/chpn_op33_4_format0.mid", "file288": "data/midis/chpn-p12_format0.mid", "file289": "data/midis/burg_quelle_format0.mid", "file290": "data/midis/alb_se7_format0.mid", "file291": "data/midis/beethoven_opus22_4.mid", "file292": "data/midis/haydn_35_2.mid", "file293": "data/midis/scn16_3.mid", "file294": "data/midis/mz_311_2.mid", "file295": "data/midis/beethoven_hammerklavier_3.mid", "file296": "data/midis/mz_311_3.mid", "file297": "data/midis/beethoven_hammerklavier_2.mid", "file298": "data/midis/scn16_2.mid", "file299": "data/midis/haydn_35_3.mid", "file300": "data/midis/grieg_elfentanz.mid", "file301": "data/midis/chpn-p20_format0.mid", "file302": "data/midis/gra_esp_4_format0.mid", "file303": "data/midis/alb_esp1_format0.mid", "file304": "data/midis/chpn_op10_e05_format0.mid", "file305": "data/midis/liz_et_trans8_format0.mid"}